feature,dtype,tier,prediction_available
ensembl_gene_id,str,ID_or_meta,False
efo_id,str,ID_or_meta,False
gene_symbol,str,ID_or_meta,False
therapy_area,category,ID_or_meta,False
label_consensus,float64,0_LABEL,False
label_tier,float64,0_LABEL,False
label_source,str,0_LABEL,False
label_confidence,float64,0_LABEL,False
conflict,float64,0_LABEL,False
n_sources,float64,0_LABEL,False
label_efficacy_gold,float64,0_LABEL,False
label_advancement,float64,0_LABEL,False
label_ctgov,float64,0_LABEL,False
label_pipeline,float64,0_LABEL,False
label_sec,float64,0_LABEL,False
src_gold,float64,0_LABEL,False
src_advancement,float64,0_LABEL,False
src_ctgov,float64,0_LABEL,False
src_pipeline,float64,0_LABEL,False
src_sec,float64,0_LABEL,False
ctgov_confidence,float64,1_POSTHOC_outcome_derived,False
ctgov_reason,str,ID_or_meta,False
ctgov_nct_ids,str,ID_or_meta,False
ctgov_n_failed_trials,float64,1_POSTHOC_outcome_derived,False
pipeline_confidence,float64,1_POSTHOC_outcome_derived,False
pipeline_years_silent,float64,1_POSTHOC_outcome_derived,False
sec_confidence,float64,1_POSTHOC_outcome_derived,False
sec_programs,str,ID_or_meta,False
max_phase_reached,float64,1_POSTHOC_outcome_derived,False
first_year,float64,2_TEMPORAL_confounded,False
sec_companies,str,ID_or_meta,False
sec_company_disappeared,float64,4_INTRINSIC_deployable,True
src_sec_company,float64,0_LABEL,False
uniprot_acc,str,ID_or_meta,False
protein_name,str,ID_or_meta,False
pdb_codes,str,ID_or_meta,False
has_pdb,float64,4_INTRINSIC_deployable,True
protein_length,float64,4_INTRINSIC_deployable,True
protein_mass,float64,4_INTRINSIC_deployable,True
is_membrane,float64,4_INTRINSIC_deployable,True
has_signal_peptide,float64,4_INTRINSIC_deployable,True
subcellular_location,str,ID_or_meta,False
pI,float64,4_INTRINSIC_deployable,True
gravy,float64,4_INTRINSIC_deployable,True
instability,float64,4_INTRINSIC_deployable,True
label_ctgov_moa,float64,0_LABEL,False
ctgov_moa_confidence,float64,1_POSTHOC_outcome_derived,False
src_ctgov_moa,float64,0_LABEL,False
moa_confirmed,float64,1_POSTHOC_outcome_derived,False
press_confidence,float64,1_POSTHOC_outcome_derived,False
src_press,float64,0_LABEL,False
ot_confidence,float64,1_POSTHOC_outcome_derived,False
src_ot,float64,0_LABEL,False
llm_confidence,float64,1_POSTHOC_outcome_derived,False
src_llm,float64,0_LABEL,False
label_consensus_v2,float64,0_LABEL,False
label_tier_v2,float64,0_LABEL,False
label_confidence_v2,float64,0_LABEL,False
n_sources_v2,float64,0_LABEL,False
conf_abstract_confidence,float64,1_POSTHOC_outcome_derived,False
src_conf_abstract,int64,0_LABEL,False
tgt_other_attempts,int64,1_POSTHOC_outcome_derived,False
tgt_other_failures,int64,1_POSTHOC_outcome_derived,False
tgt_other_approvals,int64,1_POSTHOC_outcome_derived,False
tgt_other_fail_rate,float64,1_POSTHOC_outcome_derived,False
tgt_channel_breadth,float64,1_POSTHOC_outcome_derived,False
dis_other_fail_rate,float64,1_POSTHOC_outcome_derived,False
fail_efficacy,int64,1_POSTHOC_outcome_derived,False
fail_safety,int64,1_POSTHOC_outcome_derived,False
n_fail_reports,int64,1_POSTHOC_outcome_derived,False
late_efficacy_failure,int64,1_POSTHOC_outcome_derived,False
comech_fail_rate_max,float64,1_POSTHOC_outcome_derived,False
comech_fail_rate_mean,float64,1_POSTHOC_outcome_derived,False
n_mech_peers,float64,4_INTRINSIC_deployable,True
has_comech_evidence,int64,4_INTRINSIC_deployable,True
comech_coverage,str,ID_or_meta,False
has_animal_model_evidence,float64,4_INTRINSIC_deployable,True
animal_model_concordance,float64,4_INTRINSIC_deployable,True
human_genetic_support,float64,4_INTRINSIC_deployable,True
animal_only_evidence,float64,4_INTRINSIC_deployable,True
ko_no_nervous_pheno,float64,4_INTRINSIC_deployable,True
model_exists_low_concordance,float64,4_INTRINSIC_deployable,True
impc_has_ko,float64,4_INTRINSIC_deployable,True
impc_has_nervous_phenotype,float64,4_INTRINSIC_deployable,True
drug_any_smallmol,int64,4_INTRINSIC_deployable,True
drug_any_biologic,int64,4_INTRINSIC_deployable,True
drug_n_tagged,int64,4_INTRINSIC_deployable,True
has_drug_modality,int64,4_INTRINSIC_deployable,True
n_patent_docs,int64,1_POSTHOC_outcome_derived,False
n_patent_years,int64,1_POSTHOC_outcome_derived,False
earliest_patent_year,float64,1_POSTHOC_outcome_derived,False
latest_patent_year,float64,1_POSTHOC_outcome_derived,False
has_patent,int64,1_POSTHOC_outcome_derived,False
patent_span_years,float64,1_POSTHOC_outcome_derived,False
log_n_patents,float64,1_POSTHOC_outcome_derived,False
patent_coverage,str,ID_or_meta,False
n_act,int64,4_INTRINSIC_deployable,True
n_ligands,int64,3_REALIZED_INVESTMENT_survivorship,False
max_pchembl,float64,3_REALIZED_INVESTMENT_survivorship,False
median_pchembl,float64,3_REALIZED_INVESTMENT_survivorship,False
n_potent_6,int64,4_INTRINSIC_deployable,True
n_potent_7,int64,4_INTRINSIC_deployable,True
has_ligand,int64,3_REALIZED_INVESTMENT_survivorship,False
is_ligandable,int64,3_REALIZED_INVESTMENT_survivorship,False
log_n_ligands,float64,3_REALIZED_INVESTMENT_survivorship,False
ligand_coverage,str,ID_or_meta,False
ot_sm_tractable,int32,3_REALIZED_INVESTMENT_survivorship,False
ot_ab_tractable,int32,3_REALIZED_INVESTMENT_survivorship,False
sm_druggable_family,object,ID_or_meta,False
sm_hq_pocket,object,ID_or_meta,False
sm_approved_drug,object,ID_or_meta,False
ab_surface_highconf,object,ID_or_meta,False
ab_approved_drug,object,ID_or_meta,False
pr_sm_binder,object,ID_or_meta,False
loc_secreted,object,ID_or_meta,False
loc_membrane,object,ID_or_meta,False
n_transmembrane,float64,4_INTRINSIC_deployable,True
sm_tractable,int64,3_REALIZED_INVESTMENT_survivorship,False
ab_tractable,int64,3_REALIZED_INVESTMENT_survivorship,False
is_surface_or_secreted,int64,4_INTRINSIC_deployable,True
sm_only_tractable,int64,3_REALIZED_INVESTMENT_survivorship,False
ab_only_tractable,int64,3_REALIZED_INVESTMENT_survivorship,False
both_modalities,int64,4_INTRINSIC_deployable,True
modality_class,str,ID_or_meta,False
ipr_n_family,float64,4_INTRINSIC_deployable,True
ipr_n_domain,float64,4_INTRINSIC_deployable,True
iprfam_g_protein-coupled_receptor_rhodopsin-lik,float64,4_INTRINSIC_deployable,True
iprfam_neurotransmitter-gated_ion-channel,float64,1_POSTHOC_outcome_derived,False
iprfam_5-hydroxytryptamine_receptor_family,float64,4_INTRINSIC_deployable,True
iprfam_adrenoceptor_family,float64,4_INTRINSIC_deployable,True
iprfam_ionotropic_glutamate_receptor_metazoa,float64,4_INTRINSIC_deployable,True
iprfam_ionotropic_glutamate_receptor,float64,4_INTRINSIC_deployable,True
iprfam_peptidase_s1a_chymotrypsin_family,float64,4_INTRINSIC_deployable,True
iprfam_gamma-aminobutyric_acid_a_receptor/glyci,float64,4_INTRINSIC_deployable,True
iprfam_dopamine_receptor_family,float64,4_INTRINSIC_deployable,True
iprfam_serine/threonine_kinases_and_pseudokinas,float64,4_INTRINSIC_deployable,True
iprfam_receptor_tyrosine_kinase,float64,4_INTRINSIC_deployable,True
iprfam_carbonic_anhydrase_alpha-class,float64,4_INTRINSIC_deployable,True
iprfam_somatostatin_receptor_family,float64,4_INTRINSIC_deployable,True
iprfam_nuclear_hormone_receptor_family_nr3_subf,float64,4_INTRINSIC_deployable,True
iprfam_platelet-derived/vascular_endothelial_gr,float64,4_INTRINSIC_deployable,True
iprfam_nicotinic_acetylcholine_receptor,float64,4_INTRINSIC_deployable,True
iprfam_opioid_receptor,float64,4_INTRINSIC_deployable,True
iprfam_sodium:neurotransmitter_symporter,float64,4_INTRINSIC_deployable,True
iprfam_voltage-dependent_calcium_channel_alpha-,float64,1_POSTHOC_outcome_derived,False
iprfam_adenosine_receptor,float64,4_INTRINSIC_deployable,True
iprfam_muscarinic_acetylcholine_receptor_family,float64,4_INTRINSIC_deployable,True
iprfam_vasopressin_receptor,float64,4_INTRINSIC_deployable,True
iprfam_integrin_alpha_chain,float64,4_INTRINSIC_deployable,True
iprfam_nuclear_hormone_receptor,float64,4_INTRINSIC_deployable,True
iprfam_sphingosine_1-phosphate_receptor,float64,4_INTRINSIC_deployable,True
iprfam_gpcr_family_3_metabotropic_glutamate_rec,float64,4_INTRINSIC_deployable,True
iprfam_gpcr_family_3,float64,4_INTRINSIC_deployable,True
iprfam_metabotropic_glutamate_receptor,float64,4_INTRINSIC_deployable,True
iprfam_mitogen-activated_protein_(map)_kinase_k,float64,4_INTRINSIC_deployable,True
iprfam_gamma-aminobutyric-acid_a_receptor_alpha,float64,4_INTRINSIC_deployable,True
ipr_n_entries,float64,4_INTRINSIC_deployable,True
ipr_has_kinase,float64,4_INTRINSIC_deployable,True
ipr_has_gpcr,float64,4_INTRINSIC_deployable,True
ipr_has_ionchannel,float64,1_POSTHOC_outcome_derived,False
domain_coverage,str,ID_or_meta,False
seq_len,float64,4_INTRINSIC_deployable,True
aromaticity,float64,4_INTRINSIC_deployable,True
helix,float64,4_INTRINSIC_deployable,True
turn,float64,4_INTRINSIC_deployable,True
sheet,float64,4_INTRINSIC_deployable,True
aa_A,float64,4_INTRINSIC_deployable,True
aa_C,float64,4_INTRINSIC_deployable,True
aa_D,float64,4_INTRINSIC_deployable,True
aa_E,float64,4_INTRINSIC_deployable,True
aa_F,float64,4_INTRINSIC_deployable,True
aa_G,float64,4_INTRINSIC_deployable,True
aa_H,float64,4_INTRINSIC_deployable,True
aa_I,float64,4_INTRINSIC_deployable,True
aa_K,float64,4_INTRINSIC_deployable,True
aa_L,float64,4_INTRINSIC_deployable,True
aa_M,float64,4_INTRINSIC_deployable,True
aa_N,float64,4_INTRINSIC_deployable,True
aa_P,float64,4_INTRINSIC_deployable,True
aa_Q,float64,4_INTRINSIC_deployable,True
aa_R,float64,4_INTRINSIC_deployable,True
aa_S,float64,4_INTRINSIC_deployable,True
aa_T,float64,4_INTRINSIC_deployable,True
aa_V,float64,4_INTRINSIC_deployable,True
aa_W,float64,4_INTRINSIC_deployable,True
aa_Y,float64,4_INTRINSIC_deployable,True
seq_mass,float64,4_INTRINSIC_deployable,True
chem_mw_mean,float64,4_INTRINSIC_deployable,True
chem_mw_median,float64,4_INTRINSIC_deployable,True
chem_mw_max,float64,4_INTRINSIC_deployable,True
chem_mw_min,float64,4_INTRINSIC_deployable,True
chem_mw_std,float64,4_INTRINSIC_deployable,True
chem_tpsa_mean,float64,4_INTRINSIC_deployable,True
chem_tpsa_median,float64,4_INTRINSIC_deployable,True
chem_tpsa_max,float64,4_INTRINSIC_deployable,True
chem_tpsa_min,float64,4_INTRINSIC_deployable,True
chem_tpsa_std,float64,4_INTRINSIC_deployable,True
chem_clogp_mean,float64,4_INTRINSIC_deployable,True
chem_clogp_median,float64,4_INTRINSIC_deployable,True
chem_clogp_max,float64,4_INTRINSIC_deployable,True
chem_clogp_min,float64,4_INTRINSIC_deployable,True
chem_clogp_std,float64,4_INTRINSIC_deployable,True
chem_hbd_mean,float64,4_INTRINSIC_deployable,True
chem_hbd_median,float64,4_INTRINSIC_deployable,True
chem_hbd_max,float64,4_INTRINSIC_deployable,True
chem_hbd_min,float64,4_INTRINSIC_deployable,True
chem_hbd_std,float64,4_INTRINSIC_deployable,True
chem_hba_mean,float64,4_INTRINSIC_deployable,True
chem_hba_median,float64,4_INTRINSIC_deployable,True
chem_hba_max,float64,4_INTRINSIC_deployable,True
chem_hba_min,float64,4_INTRINSIC_deployable,True
chem_hba_std,float64,4_INTRINSIC_deployable,True
chem_rotb_mean,float64,4_INTRINSIC_deployable,True
chem_rotb_median,float64,4_INTRINSIC_deployable,True
chem_rotb_max,float64,4_INTRINSIC_deployable,True
chem_rotb_min,float64,4_INTRINSIC_deployable,True
chem_rotb_std,float64,4_INTRINSIC_deployable,True
chem_arom_rings_mean,float64,4_INTRINSIC_deployable,True
chem_arom_rings_median,float64,4_INTRINSIC_deployable,True
chem_arom_rings_max,float64,4_INTRINSIC_deployable,True
chem_arom_rings_min,float64,4_INTRINSIC_deployable,True
chem_arom_rings_std,float64,4_INTRINSIC_deployable,True
chem_frac_csp3_mean,float64,4_INTRINSIC_deployable,True
chem_frac_csp3_median,float64,4_INTRINSIC_deployable,True
chem_frac_csp3_max,float64,4_INTRINSIC_deployable,True
chem_frac_csp3_min,float64,4_INTRINSIC_deployable,True
chem_frac_csp3_std,float64,4_INTRINSIC_deployable,True
chem_qed_mean,float64,4_INTRINSIC_deployable,True
chem_qed_median,float64,4_INTRINSIC_deployable,True
chem_qed_max,float64,4_INTRINSIC_deployable,True
chem_qed_min,float64,4_INTRINSIC_deployable,True
chem_qed_std,float64,4_INTRINSIC_deployable,True
chem_heavy_atoms_mean,float64,4_INTRINSIC_deployable,True
chem_heavy_atoms_median,float64,4_INTRINSIC_deployable,True
chem_heavy_atoms_max,float64,4_INTRINSIC_deployable,True
chem_heavy_atoms_min,float64,4_INTRINSIC_deployable,True
chem_heavy_atoms_std,float64,4_INTRINSIC_deployable,True
chem_n_rings_mean,float64,4_INTRINSIC_deployable,True
chem_n_rings_median,float64,4_INTRINSIC_deployable,True
chem_n_rings_max,float64,4_INTRINSIC_deployable,True
chem_n_rings_min,float64,4_INTRINSIC_deployable,True
chem_n_rings_std,float64,4_INTRINSIC_deployable,True
chem_n_compounds,float64,3_REALIZED_INVESTMENT_survivorship,False
cns_mpo_max,float64,4_INTRINSIC_deployable,True
cns_mpo_median,float64,4_INTRINSIC_deployable,True
cns_mpo_mean,float64,4_INTRINSIC_deployable,True
bbb_rule_max,float64,4_INTRINSIC_deployable,True
bbb_rule_median,float64,4_INTRINSIC_deployable,True
frac_bbb_favorable,float64,4_INTRINSIC_deployable,True
n_cns_compounds,float64,3_REALIZED_INVESTMENT_survivorship,False
fp_n_compounds,float64,3_REALIZED_INVESTMENT_survivorship,False
fp_mean_tanimoto,float64,4_INTRINSIC_deployable,True
fp_chemical_diversity,float64,4_INTRINSIC_deployable,True
chem_maccs_pc1,float64,4_INTRINSIC_deployable,True
chem_maccs_pc2,float64,4_INTRINSIC_deployable,True
chem_maccs_pc3,float64,4_INTRINSIC_deployable,True
chem_maccs_pc4,float64,4_INTRINSIC_deployable,True
chem_maccs_pc5,float64,4_INTRINSIC_deployable,True
chem_maccs_pc6,float64,4_INTRINSIC_deployable,True
chem_maccs_pc7,float64,4_INTRINSIC_deployable,True
chem_maccs_pc8,float64,4_INTRINSIC_deployable,True
chem_maccs_pc9,float64,4_INTRINSIC_deployable,True
chem_maccs_pc10,float64,4_INTRINSIC_deployable,True
chem_maccs_pc11,float64,4_INTRINSIC_deployable,True
chem_maccs_pc12,float64,4_INTRINSIC_deployable,True
chem_maccs_pc13,float64,4_INTRINSIC_deployable,True
chem_maccs_pc14,float64,4_INTRINSIC_deployable,True
chem_maccs_pc15,float64,4_INTRINSIC_deployable,True
chem_maccs_pc16,float64,4_INTRINSIC_deployable,True
admet_qed_mean,float64,4_INTRINSIC_deployable,True
admet_qed_max,float64,4_INTRINSIC_deployable,True
admet_alogp_mean,float64,4_INTRINSIC_deployable,True
admet_psa_mean,float64,4_INTRINSIC_deployable,True
admet_frac_oral_ok,float64,4_INTRINSIC_deployable,True
admet_frac_alogp_ok,float64,4_INTRINSIC_deployable,True
admet_has_approved_drug,float64,3_REALIZED_INVESTMENT_survivorship,False
admet_n_approved,float64,4_INTRINSIC_deployable,True
admet_max_phase,float64,1_POSTHOC_outcome_derived,False
penetrance_context,str,ID_or_meta,False
penetrance_valid,int64,4_INTRINSIC_deployable,True
has_physchem,int64,4_INTRINSIC_deployable,True
has_cheminf_mpo,int64,4_INTRINSIC_deployable,True
has_fingerprint,int64,4_INTRINSIC_deployable,True
has_admet,int64,4_INTRINSIC_deployable,True
is_offspine,int64,4_INTRINSIC_deployable,True
assoc_genetic_association,float64,4_INTRINSIC_deployable,True
assoc_genetic_literature,float64,4_INTRINSIC_deployable,True
assoc_somatic_mutation,float64,4_INTRINSIC_deployable,True
assoc_affected_pathway,float64,4_INTRINSIC_deployable,True
assoc_rna_expression,float64,4_INTRINSIC_deployable,True
assoc_animal_model,float64,4_INTRINSIC_deployable,True
assoc_literature,float64,4_INTRINSIC_deployable,True
first_evidence_year,float64,2_TEMPORAL_confounded,False
lof_oe,float32,4_INTRINSIC_deployable,True
lof_score,float32,4_INTRINSIC_deployable,True
mis_score,float32,4_INTRINSIC_deployable,True
hpa_log_brain_ntpm,float64,4_INTRINSIC_deployable,True
hpa_brain_expressed,float64,4_INTRINSIC_deployable,True
hpa_detected_all,float64,4_INTRINSIC_deployable,True
go_n_process,float64,4_INTRINSIC_deployable,True
go_n_function,float64,4_INTRINSIC_deployable,True
go_n_component,float64,4_INTRINSIC_deployable,True
pw_signal_transduction,object,ID_or_meta,False
pw_immune_system,object,ID_or_meta,False
pw_disease,object,ID_or_meta,False
pw_metabolism_of_proteins,object,ID_or_meta,False
pw_gene_expression_transcription,object,ID_or_meta,False
pw_metabolism,object,ID_or_meta,False
pw_cell_cycle,object,ID_or_meta,False
pw_developmental_biology,object,ID_or_meta,False
pw_metabolism_of_rna,object,ID_or_meta,False
pw_cellular_responses_to_stimuli,object,ID_or_meta,False
pw_dna_repair,object,ID_or_meta,False
pw_vesicle_mediated_transport,object,ID_or_meta,False
pw_chromatin_organization,object,ID_or_meta,False
pw_hemostasis,object,ID_or_meta,False
pw_transport_of_small_molecules,object,ID_or_meta,False
ppi_degree,int64,4_INTRINSIC_deployable,True
ppi_weighted_degree,int64,4_INTRINSIC_deployable,True
ppi_pagerank,float64,4_INTRINSIC_deployable,True
ppi_betweenness,float64,4_INTRINSIC_deployable,True
ppi_eigenvector,float64,4_INTRINSIC_deployable,True
ppi_clustering,float64,4_INTRINSIC_deployable,True
ppi_kcore,int64,4_INTRINSIC_deployable,True
n_genetic_targets,float64,2_TEMPORAL_confounded,False
ppi_disease_module_deg,float64,4_INTRINSIC_deployable,True
ppi_disease_module_frac,float64,4_INTRINSIC_deployable,True
total_evidence,float64,2_TEMPORAL_confounded,False
recent_evidence,float64,2_TEMPORAL_confounded,False
recent_evidence_frac,float64,2_TEMPORAL_confounded,False
gen_gwas_credible_sets,float64,4_INTRINSIC_deployable,True
gen_gene_burden,float64,4_INTRINSIC_deployable,True
gen_eva,float64,4_INTRINSIC_deployable,True
gen_genomics_england,float64,4_INTRINSIC_deployable,True
gen_gene2phenotype,float64,4_INTRINSIC_deployable,True
gen_clingen,float64,4_INTRINSIC_deployable,True
gen_orphanet,float64,4_INTRINSIC_deployable,True
gen_uniprot_variants,float64,4_INTRINSIC_deployable,True
gen_crispr,float64,4_INTRINSIC_deployable,True
gen_crispr_screen,float64,4_INTRINSIC_deployable,True
n_genetics_sources,float64,4_INTRINSIC_deployable,True
cv_n_variants,int64,4_INTRINSIC_deployable,True
cv_n_pathogenic,float64,4_INTRINSIC_deployable,True
cv_n_vus,float64,4_INTRINSIC_deployable,True
cv_has_pathogenic,int64,4_INTRINSIC_deployable,True
cv_pathogenic_frac,float64,4_INTRINSIC_deployable,True
gnomad_oe_lof,float64,4_INTRINSIC_deployable,True
gnomad_oe_lof_upper,float64,4_INTRINSIC_deployable,True
gnomad_oe_mis,float64,4_INTRINSIC_deployable,True
gnomad_lof_z,float64,4_INTRINSIC_deployable,True
gnomad_lof_pLI,float64,4_INTRINSIC_deployable,True
gnomad_lof_constrained,int32,4_INTRINSIC_deployable,True
gtex_brain_mean_tpm,float64,4_INTRINSIC_deployable,True
gtex_brain_max_tpm,float64,4_INTRINSIC_deployable,True
gtex_brain_expressed,float64,4_INTRINSIC_deployable,True
gtex_brain_specificity,float64,4_INTRINSIC_deployable,True
label_approved,float64,0_LABEL,False
label_in_use,float64,0_LABEL,False
label_indication_withdrawn,float64,0_LABEL,False
pos_substate_covered,int64,0_LABEL,False
